Model,Accuracy,Precision,Recall,F1 Score,ROC AUC,ConfusionMatrix,TrainingTimeSec
Logistic Regression,0.8045,0.6692307692307692,0.49904397705544934,0.5717415115005476,0.8344727504333496,"{'TN': 1348, 'FP': 129, 'FN': 262, 'TP': 261}",0.028069257736206055
Decision Tree,0.7665,0.5564516129032258,0.5277246653919694,0.5417075564278705,0.78158597539584,"{'TN': 1257, 'FP': 220, 'FN': 247, 'TP': 276}",0.04135537147521973
Random Forest,0.797,0.6611570247933884,0.4588910133843212,0.5417607223476298,0.8244037640247983,"{'TN': 1354, 'FP': 123, 'FN': 283, 'TP': 240}",0.38129353523254395
Gradient Boosting,0.798,0.6521739130434783,0.4875717017208413,0.5579868708971554,0.8261682315582074,"{'TN': 1341, 'FP': 136, 'FN': 268, 'TP': 255}",1.913304090499878
XGBoost,0.793,0.6345679012345679,0.491395793499044,0.5538793103448276,0.8222496378504823,"{'TN': 1329, 'FP': 148, 'FN': 266, 'TP': 257}",0.06124305725097656
LightGBM,0.799,0.6539440203562341,0.491395793499044,0.5611353711790393,0.82588860941058,"{'TN': 1341, 'FP': 136, 'FN': 266, 'TP': 257}",0.04228806495666504
Support Vector Machine,0.7975,0.6832298136645962,0.42065009560229444,0.5207100591715976,0.7888192566452333,"{'TN': 1375, 'FP': 102, 'FN': 303, 'TP': 220}",7.908811330795288
KNN,0.784,0.6206896551724138,0.4474187380497132,0.52,0.7937217060575736,"{'TN': 1334, 'FP': 143, 'FN': 289, 'TP': 234}",0.016785144805908203
Naive Bayes,0.7625,0.5368098159509203,0.6692160611854685,0.5957446808510638,0.8201654172130732,"{'TN': 1175, 'FP': 302, 'FN': 173, 'TP': 350}",0.0034453868865966797
